raw_message_id,parse_status,reply_to_message_id,raw_text,warning_text,warnings_summary,primary_intent,intents,action_types,actions_structured_summary,symbol,direction,market_type,completeness,confidence,parser_used,parser_mode,status,entry_plan_type,entry_structure,has_averaging_plan,entry_count,entries_summary,stop_loss_price,tp_prices,tp_count,signal_id,target_refs,target_refs_count,linking_strategy,notes_summary,links_count,hashtags_count,validation_warning_count,diagnostics_summary
1746,PARSED,,"[trader#С]

$BTCUSDT - SHORT 

Вход с текущих (88000-87900) 

Stop 88450.  1% деп

Tейк-профит:
1) 87100 (RR - 1:2)

2) 86500 (RR - 1:3)

3) 86000",,,NS_CREATE_SIGNAL,NS_CREATE_SIGNAL,CREATE_SIGNAL,CREATE_SIGNAL(side=SHORT; take_profits=87100 | 86500 | 86000),BTCUSDT,SHORT,,,0.88,,,,SINGLE,RANGE,False,2,RANGE_LOW:LIMIT:88000 | RANGE_HIGH:LIMIT:87900,88450,87100 | 86500 | 86000,3,1746,,0,,,0,0,0,
1740,PARSED,,"[trader#С]

$BTCUSDT - SHORT 

Вход лимиткой 

1)88650(1/3)
2)89100(2/3)

Stop 89450.  1% деп

Tейк-профит 

1)87500(RR - 1:2)

 2)86800(RR - 1:3)

 3)85800",,,NS_CREATE_SIGNAL,NS_CREATE_SIGNAL,CREATE_SIGNAL,CREATE_SIGNAL(side=SHORT; take_profits=87500 | 86800 | 85800),BTCUSDT,SHORT,,,0.88,,,,MULTI,LADDER,True,2,ENTRY:UNKNOWN:88650 | ENTRY:UNKNOWN:89100,89450,87500 | 86800 | 85800,3,1740,,0,,,0,0,0,
1729,PARSED,,"[trader#С]

$LDOUSDT - LONG 

Вход лимиткой 

1)0,519(1/3)
2)0,508(2/3)

Stop 0,498.  1% деп

Tейк-профит 

1)0,539(RR1-1)

 2)0,56(RR1-2)

 3)0,582(RR1-3)",,,NS_CREATE_SIGNAL,NS_CREATE_SIGNAL,CREATE_SIGNAL,CREATE_SIGNAL(side=LONG; take_profits=0.539 | 0.56 | 0.582),LDOUSDT,LONG,,,0.88,,,,MULTI,LADDER,True,2,ENTRY:UNKNOWN:0.519 | ENTRY:UNKNOWN:0.508,0.498,0.539 | 0.56 | 0.582,3,1729,,0,,,0,0,0,
1728,PARSED,,"[trader#С]

$CFXUSDT - LONG 

Вход лимиткой 

1)0,0675(1/3)
2)0,066(2/3)

Stop 0,065.  1% деп

Tейк-профит 

1)0,0698(RR1-1)

 2)0,0072(RR1-2)

 3)0,075(RR1-3)",,,NS_CREATE_SIGNAL,NS_CREATE_SIGNAL,CREATE_SIGNAL,CREATE_SIGNAL(side=LONG; take_profits=0.0698 | 0.0072 | 0.075),CFXUSDT,LONG,,,0.88,,,,MULTI,LADDER,True,2,ENTRY:UNKNOWN:0.0675 | ENTRY:UNKNOWN:0.066,0.065,0.0698 | 0.0072 | 0.075,3,1728,,0,,,0,0,0,
1718,PARSED,,"[trader#С]

$BTCUSDT - LONG 

Вход лимиткой 

1)87650(1/3)
2)87150(2/3)

Stop 86700.  1% деп

Tейк-профит 

1)88300(RR1-2)

 2)89000(RR1-3)

 3)90500",,,NS_CREATE_SIGNAL,NS_CREATE_SIGNAL,CREATE_SIGNAL,CREATE_SIGNAL(side=LONG; take_profits=88300 | 89000 | 90500),BTCUSDT,LONG,,,0.88,,,,MULTI,LADDER,True,2,ENTRY:UNKNOWN:87650 | ENTRY:UNKNOWN:87150,86700,88300 | 89000 | 90500,3,1718,,0,,,0,0,0,
1717,PARSED,," [trader#С]

$BTCUSDT - LONG

Вход с текущих (88000 +-100)

Stop 87700.  1%деп

Tейк-профит 

1) 88600(RR1-2)

 2)88950 (RR1-3)

 3)89555-90",,,NS_CREATE_SIGNAL,NS_CREATE_SIGNAL,CREATE_SIGNAL,CREATE_SIGNAL(side=LONG; take_profits=88600 | 88950 | 89555),BTCUSDT,LONG,,,0.88,,,,SINGLE,RANGE,False,2,RANGE_LOW:LIMIT:1 | RANGE_HIGH:LIMIT:2,87700,88600 | 88950 | 89555,3,1717,,0,,,0,0,0,
1699,PARSED,,"[trader#С]

$SNXUSDT - LONG 

Вход лимиткой 

1)0,4(1/3)
2)0,393(2/3)

Stop 0,381.  1% деп

Tейк-профит 

1)0,419(RR1-1)

 2)0,435(RR1-2)

 3)0,45+(RR1-3)",,,NS_CREATE_SIGNAL,NS_CREATE_SIGNAL,CREATE_SIGNAL,CREATE_SIGNAL(side=LONG; take_profits=0.419 | 0.435 | 0.45),SNXUSDT,LONG,,,0.88,,,,MULTI,LADDER,True,2,ENTRY:UNKNOWN:0.4 | ENTRY:UNKNOWN:0.393,0.381,0.419 | 0.435 | 0.45,3,1699,,0,,,0,0,0,
1698,PARSED,,"[trader#С]

$CFXUSDT - LONG 

Вход лимиткой 

1)0,0677(1/3)
2)0,0662(2/3)

Stop 0,065.  1% деп

Tейк-профит 

1)0,071(RR1-1)

 2)0,075(RR1-2)

 3)0,078(RR1-3)",,,NS_CREATE_SIGNAL,NS_CREATE_SIGNAL,CREATE_SIGNAL,CREATE_SIGNAL(side=LONG; take_profits=0.071 | 0.075 | 0.078),CFXUSDT,LONG,,,0.88,,,,MULTI,LADDER,True,2,ENTRY:UNKNOWN:0.0677 | ENTRY:UNKNOWN:0.0662,0.065,0.071 | 0.075 | 0.078,3,1698,,0,,,0,0,0,
1678,PARSED,,"[trader#С]

$BTCUSDT - LONG

Вход с текущих (88000-88100)

Stop 87800.  1%деп

Tейк-профит 

1) 88500(RR1-2)

 2)88850(RR1-3)

 3)89500",,,NS_CREATE_SIGNAL,NS_CREATE_SIGNAL,CREATE_SIGNAL,CREATE_SIGNAL(side=LONG; take_profits=88500 | 88850 | 89500),BTCUSDT,LONG,,,0.88,,,,SINGLE,RANGE,False,2,RANGE_LOW:LIMIT:88000 | RANGE_HIGH:LIMIT:88100,87800,88500 | 88850 | 89500,3,1678,,0,,,0,0,0,
1670,PARSED,,"[trader#С]

$BTCUSDT - LONG 

Вход лимиткой 

1)86710(1/3)
2)85950(2/3)

Stop 85600.  1% деп

Tейк-профит 

1)87709(RR1-1)

 2)88800(RR1-2)

 3)90600",,,NS_CREATE_SIGNAL,NS_CREATE_SIGNAL,CREATE_SIGNAL,CREATE_SIGNAL(side=LONG; take_profits=87709 | 88800 | 90600),BTCUSDT,LONG,,,0.88,,,,MULTI,LADDER,True,2,ENTRY:UNKNOWN:86710 | ENTRY:UNKNOWN:85950,85600,87709 | 88800 | 90600,3,1670,,0,,,0,0,0,
1662,PARSED,,"[trader#С]

$BTSUSDT - LONG 

Вход с текущих (86700-800)

Stop 86300. 1%деп

Tейк-профит 

1) 87500. (RR1-1,5)

2) 88000. (RR1-2,4)

3) 89000. (RR1-4)

4)90600",,,NS_CREATE_SIGNAL,NS_CREATE_SIGNAL,CREATE_SIGNAL,CREATE_SIGNAL(side=LONG; take_profits=87500 | 88000 | 89000 | 90600),BTSUSDT,LONG,,,0.88,,,,SINGLE,RANGE,False,2,RANGE_LOW:LIMIT:86700 | RANGE_HIGH:LIMIT:86800,86300,87500 | 88000 | 89000 | 90600,4,1662,,0,,,0,0,0,
1639,PARSED,,"[trader#С]

$ETHUSDT - LONG

Вход с текущих (2920-8)

Stop 2915. 1%деп

Tейк-профит 

1)2945. (RR1-1,5)

2)2960.  (RR1-3)

3)2970

4)2990",,,NS_CREATE_SIGNAL,NS_CREATE_SIGNAL,CREATE_SIGNAL,CREATE_SIGNAL(side=LONG; take_profits=2945 | 2960 | 2970 | 2990),ETHUSDT,LONG,,,0.88,,,,SINGLE,RANGE,False,2,RANGE_LOW:LIMIT:2920 | RANGE_HIGH:LIMIT:2928,2915,2945 | 2960 | 2970 | 2990,4,1639,,0,,,0,0,0,
1636,PARSED,,"[trader#С]

$ETHUSDT - LONG

Вход с лимиткой 

2910 (1/3)
2900 (2/3)

Stop 2890. 1%деп

Tейк-профит 

1)2930. (RR1-1,5)

2)2940.  (RR1-2)

3)2960

4)2990",,,NS_CREATE_SIGNAL,NS_CREATE_SIGNAL,CREATE_SIGNAL,CREATE_SIGNAL(side=LONG; take_profits=2930 | 2940 | 2960 | 2990),ETHUSDT,LONG,,,0.88,,,,SINGLE,ONE_SHOT,False,1,ENTRY:UNKNOWN:2900,2890,2930 | 2940 | 2960 | 2990,4,1636,,0,,,0,0,0,
1632,PARSED,,"[trader#С]

$BTCUSDT - LONG 

Вход с текущих (87400-450)

Stop 87200. 1%деп

Tейк-профит 

1) 87950. (RR1-2)

2) 88500. (RR1-3)

3) 89000

4)90600",,,NS_CREATE_SIGNAL,NS_CREATE_SIGNAL,CREATE_SIGNAL,CREATE_SIGNAL(side=LONG; take_profits=87950 | 88500 | 89000 | 90600),BTCUSDT,LONG,,,0.88,,,,SINGLE,RANGE,False,2,RANGE_LOW:LIMIT:87400 | RANGE_HIGH:LIMIT:87450,87200,87950 | 88500 | 89000 | 90600,4,1632,,0,,,0,0,0,
1599,PARSED,,"[trader#С]

$BTCUSDT - SHORT 

Вход с текущих (90100-200) 

Stop 90400.  1% деп

Tейк-профит 

1)89605(RR1-1)

 2)89200(RR1-2)

 3)88400(RR1-4)

4)87000",,,NS_CREATE_SIGNAL,NS_CREATE_SIGNAL,CREATE_SIGNAL,CREATE_SIGNAL(side=SHORT; take_profits=89605 | 89200 | 88400 | 87000),BTCUSDT,SHORT,,,0.88,,,,SINGLE,RANGE,False,2,RANGE_LOW:LIMIT:90100 | RANGE_HIGH:LIMIT:90200,90400,89605 | 89200 | 88400 | 87000,4,1599,,0,,,0,0,0,
1589,PARSED,,"[trader#С]

$BTSUSDT - LONG 

Вход с текущих (87550-450)

Stop 87222. 1%деп

Tейк-профит 

1) 87830. (RR1-1)

2) 88150. (RR1-2)

3) 88550. (RR1-3)

4)90600",,,NS_CREATE_SIGNAL,NS_CREATE_SIGNAL,CREATE_SIGNAL,CREATE_SIGNAL(side=LONG; take_profits=87830 | 88150 | 88550 | 90600),BTSUSDT,LONG,,,0.88,,,,SINGLE,RANGE,False,2,RANGE_LOW:LIMIT:87550 | RANGE_HIGH:LIMIT:87450,87222,87830 | 88150 | 88550 | 90600,4,1589,,0,,,0,0,0,
1571,PARSED,,"[trader#С]

$BTCUSDT - SHORT 

Вход по рынку  89600-700

Stop 89900.  1% деп

Tейк-профит 

1)89000(RR1-2)

 2)88700(RR1-3)

 3)88000

4)86600",,,NS_CREATE_SIGNAL,NS_CREATE_SIGNAL,CREATE_SIGNAL,CREATE_SIGNAL(side=SHORT; take_profits=89000 | 88700 | 88000 | 86600),BTCUSDT,SHORT,,,0.88,,,,SINGLE,RANGE,False,2,RANGE_LOW:LIMIT:89600 | RANGE_HIGH:LIMIT:89700,89900,89000 | 88700 | 88000 | 86600,4,1571,,0,,,0,0,0,
1561,PARSED,,"[trader#С]

$BTCUSDT - SHORT 

Вход по рынку  90500-600

Stop 91000.  1% деп

Tейк-профит 

1)89800(RR1-2)

 2)89400(RR1-3)

 3)88600

4)86600",,,NS_CREATE_SIGNAL,NS_CREATE_SIGNAL,CREATE_SIGNAL,CREATE_SIGNAL(side=SHORT; take_profits=89800 | 89400 | 88600 | 86600),BTCUSDT,SHORT,,,0.88,,,,SINGLE,RANGE,False,2,RANGE_LOW:LIMIT:90500 | RANGE_HIGH:LIMIT:90600,91000,89800 | 89400 | 88600 | 86600,4,1561,,0,,,0,0,0,
1538,PARSED,,"[trader#С]

$BTCUSDT - SHORT 

Вход по рынку  91500-600

Stop 91800  1% деп

Tейк-профит 

1)91000(RR1-2)

 2)90700(RR1-3)

 3)90200

4)88800",,,NS_CREATE_SIGNAL,NS_CREATE_SIGNAL,CREATE_SIGNAL,CREATE_SIGNAL(side=SHORT; take_profits=91000 | 90700 | 90200 | 88800),BTCUSDT,SHORT,,,0.88,,,,SINGLE,RANGE,False,2,RANGE_LOW:LIMIT:91500 | RANGE_HIGH:LIMIT:91600,91800,91000 | 90700 | 90200 | 88800,4,1538,,0,,,0,0,0,
1527,PARSED,,"[trader#С]

$BTCUSDT - SHORT 

Вход по рынку  92850-950

Stop 93400  1% деп

Tейк-профит 

1)92300(RR1-1)

 2)91700(RR1-2)

 3)91000

4)90000",,,NS_CREATE_SIGNAL,NS_CREATE_SIGNAL,CREATE_SIGNAL,CREATE_SIGNAL(side=SHORT; take_profits=92300 | 91700 | 91000 | 90000),BTCUSDT,SHORT,,,0.88,,,,SINGLE,RANGE,False,2,RANGE_LOW:LIMIT:92850 | RANGE_HIGH:LIMIT:92950,93400,92300 | 91700 | 91000 | 90000,4,1527,,0,,,0,0,0,
1514,PARSED,,"[trader#С]

$BTCUSDT - SHORT 

Вход по рынку  93650-93750

Stop 94070  1% деп

Tейк-профит 

1)93200(RR1-1)

 2)92700(RR1-2)

 3)92200

4)90000",,,NS_CREATE_SIGNAL,NS_CREATE_SIGNAL,CREATE_SIGNAL,CREATE_SIGNAL(side=SHORT; take_profits=93200 | 92700 | 92200 | 90000),BTCUSDT,SHORT,,,0.88,,,,SINGLE,RANGE,False,2,RANGE_LOW:LIMIT:93650 | RANGE_HIGH:LIMIT:93750,94070,93200 | 92700 | 92200 | 90000,4,1514,,0,,,0,0,0,
1507,PARSED,,"[trader#С]

$BTCUSDT - SHORT 

Вход по рынку  94200-94300

Stop 94500  1% деп

Tейк-профит 

1)93900(RR1-1)

 2)93400(RR1-2)

 3)92750

4)91600",,,NS_CREATE_SIGNAL,NS_CREATE_SIGNAL,CREATE_SIGNAL,CREATE_SIGNAL(side=SHORT; take_profits=93900 | 93400 | 92750 | 91600),BTCUSDT,SHORT,,,0.88,,,,SINGLE,RANGE,False,2,RANGE_LOW:LIMIT:94200 | RANGE_HIGH:LIMIT:94300,94500,93900 | 93400 | 92750 | 91600,4,1507,,0,,,0,0,0,
1501,PARSED,,"[trader#С]

$BTSUSDT - LONG 

Вход по рынку 92450-550

Stop 92250. 1%деп

Tейк-профит 

1) 93100. (RR1-2)

2) 93400. (RR1-3)

3) 93800

4)94500",,,NS_CREATE_SIGNAL,NS_CREATE_SIGNAL,CREATE_SIGNAL,CREATE_SIGNAL(side=LONG; take_profits=93100 | 93400 | 93800 | 94500),BTSUSDT,LONG,,,0.88,,,,SINGLE,RANGE,False,2,RANGE_LOW:LIMIT:92450 | RANGE_HIGH:LIMIT:92550,92250,93100 | 93400 | 93800 | 94500,4,1501,,0,,,0,0,0,
1496,PARSED,,"[trader#С]

$BTSUSDT - LONG 

Вход по рынку 91250-350

Stop 90900. 1%деп

Tейк-профит 

1) 91800. (RR1-2)

2) 92100. (RR1-3)

3) 92600

4)93300",,,NS_CREATE_SIGNAL,NS_CREATE_SIGNAL,CREATE_SIGNAL,CREATE_SIGNAL(side=LONG; take_profits=91800 | 92100 | 92600 | 93300),BTSUSDT,LONG,,,0.88,,,,SINGLE,RANGE,False,2,RANGE_LOW:LIMIT:91250 | RANGE_HIGH:LIMIT:91350,90900,91800 | 92100 | 92600 | 93300,4,1496,,0,,,0,0,0,
1488,PARSED,,"[trader#С]

$ETHUSDT - LONG

Вход лимитка  3145 (1/3)

                             3133 (2/3)

Stop 3115. 1%деп

Tейк-профит 

1)3155. (RR1-1)

2)3170.  (RR1-2)

3)3190 изменено!!!

4)3220",,,NS_CREATE_SIGNAL,NS_CREATE_SIGNAL,CREATE_SIGNAL,CREATE_SIGNAL(side=LONG; take_profits=3155 | 3170 | 3190 | 3220),ETHUSDT,LONG,,,0.88,,,,SINGLE,ONE_SHOT,False,1,ENTRY:UNKNOWN:3133,3115,3155 | 3170 | 3190 | 3220,4,1488,,0,,,0,0,0,
1485,PARSED,,"[trader#С]

$BTSUSDT - LONG 

Вход по рынку 90950-850

Stop 90650. 1%деп

Tейк-профит 

1) 91500. (RR1-2)

2) 91800. (RR1-3)

3) 92300

4)94500",,,NS_CREATE_SIGNAL,NS_CREATE_SIGNAL,CREATE_SIGNAL,CREATE_SIGNAL(side=LONG; take_profits=91500 | 91800 | 92300 | 94500),BTSUSDT,LONG,,,0.88,,,,SINGLE,RANGE,False,2,RANGE_LOW:LIMIT:90950 | RANGE_HIGH:LIMIT:90850,90650,91500 | 91800 | 92300 | 94500,4,1485,,0,,,0,0,0,
1473,PARSED,,"[trader#С]

$BTSUSDT - LONG 

Вход по рынку 89650-750

Stop 89200. 1%деп

Tейк-профит 

1) 90300. (RR1-1)

2) 90800. (RR1-2)

3) 91300

4)92500",,,NS_CREATE_SIGNAL,NS_CREATE_SIGNAL,CREATE_SIGNAL,CREATE_SIGNAL(side=LONG; take_profits=90300 | 90800 | 91300 | 92500),BTSUSDT,LONG,,,0.88,,,,SINGLE,RANGE,False,2,RANGE_LOW:LIMIT:89650 | RANGE_HIGH:LIMIT:89750,89200,90300 | 90800 | 91300 | 92500,4,1473,,0,,,0,0,0,
1448,PARSED,,"[trader#С]

$ICPUSDT - LONG 

Вход лимиткой 

1) 3,008(1/3)
2) 2,856(2/3)

Stop 2,785 1% деп

Tейк-профит 

1) 3,168 (RR 1-2,2)

 2) 3,38. (RR 1-4)

 ",,,NS_CREATE_SIGNAL,NS_CREATE_SIGNAL,CREATE_SIGNAL,CREATE_SIGNAL(side=LONG; take_profits=3.168 | 3.38),ICPUSDT,LONG,,,0.88,,,,MULTI,LADDER,True,2,ENTRY:UNKNOWN:3.008 | ENTRY:UNKNOWN:2.856,2.785,3.168 | 3.38,2,1448,,0,,,0,0,0,
1447,PARSED,,"[trader#С]

$CFXUSDT - LONG 

Вход лимиткой 

1)0,0744(1/3)
2)0,0719(2/3)

Stop 0,07.  1% деп

Tейк-профит 

1)0,0788(RR1-2,5)

 2)0,082(RR1-4)",,,NS_CREATE_SIGNAL,NS_CREATE_SIGNAL,CREATE_SIGNAL,CREATE_SIGNAL(side=LONG; take_profits=0.0788 | 0.082),CFXUSDT,LONG,,,0.88,,,,MULTI,LADDER,True,2,ENTRY:UNKNOWN:0.0744 | ENTRY:UNKNOWN:0.0719,0.07,0.0788 | 0.082,2,1447,,0,,,0,0,0,
1435,PARSED,,"[trader#С]

$BTCUSDT - SHORT 

Вход по рынку  

Stop 92550.      1% деп

Tейк-профит 

1).  91400(RR1-1)

 2). 90800(RR1-2)

 3) 90200

4)89000",,,NS_CREATE_SIGNAL,NS_CREATE_SIGNAL,CREATE_SIGNAL,CREATE_SIGNAL(side=SHORT; take_profits=90200 | 89000),BTCUSDT,SHORT,,,0.88,,,,SINGLE,RANGE,False,2,RANGE_LOW:LIMIT:1 | RANGE_HIGH:LIMIT:1,92550,90200 | 89000,2,1435,,0,,,0,0,0,
1399,PARSED,,"[trader#С]

$BTCUSDT - SHORT 

Вход лимитка 92550

Stop 92900  0,5!!!% деп

Tейк-профит 

1).  91700(RR1-2)

 2). 90950(RR1-4)

 3)

4)",,,NS_CREATE_SIGNAL,NS_CREATE_SIGNAL,CREATE_SIGNAL,CREATE_SIGNAL(side=SHORT; take_profits=4),BTCUSDT,SHORT,,,0.88,,,,SINGLE,RANGE,False,2,RANGE_LOW:LIMIT:1 | RANGE_HIGH:LIMIT:2,92900,4,1,1399,,0,,,0,0,0,
1394,PARSED,,"[trader#С]

$ETHUSDT - LONG 

Вход лимит 3150

Stop 3110. 0,5%деп

Tейк-профит 

1)   3190(RR1-1)

2)   3230(RR1-2)

3). 3300",,,NS_CREATE_SIGNAL,NS_CREATE_SIGNAL,CREATE_SIGNAL,CREATE_SIGNAL(side=LONG; take_profits=3190 | 3230),ETHUSDT,LONG,,,0.88,,,,SINGLE,RANGE,False,2,RANGE_LOW:LIMIT:1 | RANGE_HIGH:LIMIT:1,3110,3190 | 3230,2,1394,,0,,,0,0,0,
1379,PARSED,,"[trader#С]

$LTCUSDT - LONG 

Вход лимиткой 

1) 76,5(1/3)
2) 75(2/3)

Stop 73,5. 1% деп

Tейк-профит 

1) 78(RR 1-1,5)

 2) 80. (RR 1-2)

 3) 83",,,NS_CREATE_SIGNAL,NS_CREATE_SIGNAL,CREATE_SIGNAL,CREATE_SIGNAL(side=LONG; take_profits=78 | 80 | 83),LTCUSDT,LONG,,,0.88,,,,MULTI,LADDER,True,2,ENTRY:UNKNOWN:76.5 | ENTRY:UNKNOWN:75,73.5,78 | 80 | 83,3,1379,,0,,,0,0,0,
1344,PARSED,,"[trader#С]

$BTCUSDT - SHORT 

Вход лимитка 97250

Stop 97800. 1% деп

Tейк-профит 

1).  96600(RR1-1)

 2). 95900(RR1-2)

 3). 95200(RR1-3)

4)94400",,,NS_CREATE_SIGNAL,NS_CREATE_SIGNAL,CREATE_SIGNAL,CREATE_SIGNAL(side=SHORT; take_profits=94400),BTCUSDT,SHORT,,,0.88,,,,SINGLE,RANGE,False,2,RANGE_LOW:LIMIT:1 | RANGE_HIGH:LIMIT:1,97800,94400,1,1344,,0,,,0,0,0,
1316,PARSED,,"[trader#С]

$ETCUSDT - LONG 

Вход лимиткой 

1) 12,7(1/3)
2) 12,42(2/3)

Stop 12,09. 1% деп

Tейк-профит 

1) 13,3(RR 1-1)

 2) 13,9 (RR 1-2)

 3) 14,5",,,NS_CREATE_SIGNAL,NS_CREATE_SIGNAL,CREATE_SIGNAL,CREATE_SIGNAL(side=LONG; take_profits=13.3 | 13.9 | 14.5),ETCUSDT,LONG,,,0.88,,,,MULTI,LADDER,True,2,ENTRY:UNKNOWN:12.7 | ENTRY:UNKNOWN:12.42,12.09,13.3 | 13.9 | 14.5,3,1316,,0,,,0,0,0,
1310,PARSED,,"[trader#С]

$BTSUSDT - LONG 

Вход по рынку 

Stop 95000. 0,5!!!%деп

Tейк-профит 

1)    95750(RR1-1)

2)   96300(RR1-2)

3)   97000

4). 98000",,,NS_CREATE_SIGNAL,NS_CREATE_SIGNAL,CREATE_SIGNAL,CREATE_SIGNAL(side=LONG; take_profits=95750 | 96300 | 97000),BTSUSDT,LONG,,,0.88,,,,SINGLE,RANGE,False,2,RANGE_LOW:LIMIT:1 | RANGE_HIGH:LIMIT:1,95000,95750 | 96300 | 97000,3,1310,,0,,,0,0,0,
1305,PARSED,,"[trader#С]

$LDOUSDT - LONG 

Вход лимиткой 

1)0,592(1/3)
2)0,578(2/3)

Stop 0,565.  1% деп

Tейк-профит 

1)0,6255(RR1-1,5)

 2)0,65(RR1-2,5)

 3)0,682(RR1-4)
Исправлено",,,NS_CREATE_SIGNAL,NS_CREATE_SIGNAL,CREATE_SIGNAL,CREATE_SIGNAL(side=LONG; take_profits=0.6255 | 0.65 | 0.682),LDOUSDT,LONG,,,0.88,,,,MULTI,LADDER,True,2,ENTRY:UNKNOWN:0.592 | ENTRY:UNKNOWN:0.578,0.565,0.6255 | 0.65 | 0.682,3,1305,,0,,,0,0,0,
1301,PARSED,,"[trader#С]

$BTSUSDT - LONG 

Вход по рынку

Stop 95000. 0,5%деп

Tейк-профит 

1)   95750 (RR1-1)

2)   96400(RR1-2)

3)   97000

4). 98000",,,NS_CREATE_SIGNAL,NS_CREATE_SIGNAL,CREATE_SIGNAL,CREATE_SIGNAL(side=LONG; take_profits=95750 | 96400 | 97000),BTSUSDT,LONG,,,0.88,,,,SINGLE,RANGE,False,2,RANGE_LOW:LIMIT:1 | RANGE_HIGH:LIMIT:1,95000,95750 | 96400 | 97000,3,1301,,0,,,0,0,0,
1297,PARSED,,"[trader#С]

$BTSUSDT - LONG 

Вход рынок

Stop 94700. 1%деп

Tейк-профит 

1)   95650 (RR1-1)

2)   96400(RR1-2)

3)   97000

4). 98000",,,NS_CREATE_SIGNAL,NS_CREATE_SIGNAL,CREATE_SIGNAL,CREATE_SIGNAL(side=LONG; take_profits=95650 | 96400 | 97000),BTSUSDT,LONG,,,0.88,,,,SINGLE,RANGE,False,2,RANGE_LOW:LIMIT:1 | RANGE_HIGH:LIMIT:1,94700,95650 | 96400 | 97000,3,1297,,0,,,0,0,0,
1295,PARSED,,"[trader#С]

$BTSUSDT - LONG 

Вход по рынку 

Stop 94300. 1%деп

Tейк-профит 

1)   95250 (RR1-1)

2)   95800(RR1-2)

3) 96400

4)97000",,,NS_CREATE_SIGNAL,NS_CREATE_SIGNAL,CREATE_SIGNAL,CREATE_SIGNAL(side=LONG; take_profits=95250 | 95800 | 96400 | 97000),BTSUSDT,LONG,,,0.88,,,,SINGLE,RANGE,False,2,RANGE_LOW:LIMIT:1 | RANGE_HIGH:LIMIT:1,94300,95250 | 95800 | 96400 | 97000,4,1295,,0,,,0,0,0,
1288,PARSED,,"[trader#С]

$BTСUSDT - LONG 

Вход по лимитке 94650

Stop 94200. 1%деп

Tейк-профит 

1)   95500(RR1-2)

2)  95950 (RR1-3)

3) 96400

4) 97200",,,NS_CREATE_SIGNAL,NS_CREATE_SIGNAL,CREATE_SIGNAL,CREATE_SIGNAL(side=LONG; take_profits=95500 | 95950 | 96400 | 97200),BTCUSDT,LONG,,,0.88,,,,SINGLE,RANGE,False,2,RANGE_LOW:LIMIT:1 | RANGE_HIGH:LIMIT:2,94200,95500 | 95950 | 96400 | 97200,4,1288,,0,,,0,0,0,
1283,PARSED,,"[trader#С]

$ETHUSDT - LONG

Вход лимитка 3272

Stop 3255. 0,5%деп

Tейк-профит 

1) 3295(RR1-1,5)

2)3310 (RR1-2)

3)3330

4)3350",,,NS_CREATE_SIGNAL,NS_CREATE_SIGNAL,CREATE_SIGNAL,CREATE_SIGNAL(side=LONG; take_profits=3295 | 3310 | 3330 | 3350),ETHUSDT,LONG,,,0.88,,,,SINGLE,RANGE,False,2,RANGE_LOW:LIMIT:1 | RANGE_HIGH:LIMIT:1.5,3255,3295 | 3310 | 3330 | 3350,4,1283,,0,,,0,0,0,
1257,PARSED,,"[trader#С]

$BTСUSDT - LONG 

Вход по рынку 

Stop 91200. 1%деп

Tейк-профит 

1)    92100(RR1-1)

2)  92500 (RR1-2)

3) 93000

4)94500",,,NS_CREATE_SIGNAL,NS_CREATE_SIGNAL,CREATE_SIGNAL,CREATE_SIGNAL(side=LONG; take_profits=92100 | 92500 | 93000 | 94500),BTCUSDT,LONG,,,0.88,,,,SINGLE,RANGE,False,2,RANGE_LOW:LIMIT:1 | RANGE_HIGH:LIMIT:1,91200,92100 | 92500 | 93000 | 94500,4,1257,,0,,,0,0,0,
1255,PARSED,,"[trader#С]

$BTСUSDT - LONG 

Вход лимитка 91030

Stop 90600. 1%деп

Tейк-профит 

1)   92000(RR1-1)

2)  92500 (RR1-2)

3)   93000

4). 94000",,,NS_CREATE_SIGNAL,NS_CREATE_SIGNAL,CREATE_SIGNAL,CREATE_SIGNAL(side=LONG; take_profits=92000 | 92500 | 93000),BTCUSDT,LONG,,,0.88,,,,SINGLE,RANGE,False,2,RANGE_LOW:LIMIT:1 | RANGE_HIGH:LIMIT:1,90600,92000 | 92500 | 93000,3,1255,,0,,,0,0,0,
1246,PARSED,,"[trader#С]

$BTСUSDT - LONG 

Вход лимитка 90251

Stop 89800. 1%деп

Tейк-профит 

1)   91000(RR1-1)

2)  92000 (RR1-2)

3)   93000

4). 94000",,,NS_CREATE_SIGNAL,NS_CREATE_SIGNAL,CREATE_SIGNAL,CREATE_SIGNAL(side=LONG; take_profits=91000 | 92000 | 93000),BTCUSDT,LONG,,,0.88,,,,SINGLE,RANGE,False,2,RANGE_LOW:LIMIT:1 | RANGE_HIGH:LIMIT:1,89800,91000 | 92000 | 93000,3,1246,,0,,,0,0,0,
1236,PARSED,,"[trader#С]

$CFXUSDT - LONG 

Вход лимиткой 

1)0,07014

Stop 0,0685 0,5% деп

Tейк-профит 

1)0,07353

 2)0,077",,,NS_CREATE_SIGNAL,NS_CREATE_SIGNAL,CREATE_SIGNAL,CREATE_SIGNAL(side=LONG; take_profits=0.07353 | 0.077),CFXUSDT,LONG,,,0.88,,,,SINGLE,ONE_SHOT,False,1,ENTRY:UNKNOWN:0.07014,0.0685,0.07353 | 0.077,2,1236,,0,,,0,0,0,
1230,PARSED,,"[trader#С]

$BTСUSDT - LONG 

Вход лимитка 88250

Stop 87750. 1%деп

Tейк-профит 

1)   88900(RR1-1)

2)  90000 (RR1-2)

3)   91000

4). 92000",,,NS_CREATE_SIGNAL,NS_CREATE_SIGNAL,CREATE_SIGNAL,CREATE_SIGNAL(side=LONG; take_profits=88900 | 90000 | 91000),BTCUSDT,LONG,,,0.88,,,,SINGLE,RANGE,False,2,RANGE_LOW:LIMIT:1 | RANGE_HIGH:LIMIT:1,87750,88900 | 90000 | 91000,3,1230,,0,,,0,0,0,
1212,PARSED,,"[trader#С]

$ETHUSDT - LONG

Вход лимитка 2925

Stop 2900. 0,5%деп

Tейк-профит 

1) 2950(RR1-1)

2)3000(RR1-2)

3)3030

4)3060",,,NS_CREATE_SIGNAL,NS_CREATE_SIGNAL,CREATE_SIGNAL,CREATE_SIGNAL(side=LONG; take_profits=2950 | 3000 | 3030 | 3060),ETHUSDT,LONG,,,0.88,,,,SINGLE,RANGE,False,2,RANGE_LOW:LIMIT:1 | RANGE_HIGH:LIMIT:1,2900,2950 | 3000 | 3030 | 3060,4,1212,,0,,,0,0,0,
1202,PARSED,,"[trader#С]

$BTСUSDT - LONG 

Вход лимитка 88450

Stop 87350. 1%деп

Tейк-профит 

1)   90000(RR1-1)

2)  91000 (RR1-2)

3)   92000

4). 93000",,,NS_CREATE_SIGNAL,NS_CREATE_SIGNAL,CREATE_SIGNAL,CREATE_SIGNAL(side=LONG; take_profits=90000 | 91000 | 92000),BTCUSDT,LONG,,,0.88,,,,SINGLE,RANGE,False,2,RANGE_LOW:LIMIT:1 | RANGE_HIGH:LIMIT:1,87350,90000 | 91000 | 92000,3,1202,,0,,,0,0,0,
1200,PARSED,,"[trader#С]

$BTСUSDT - LONG 

Вход по рынку 

Stop 88800. 1%деп

Tейк-профит 

1)   90000(RR1-1)

2)  91000 (RR1-2)

3)   92000

4). 93000",,,NS_CREATE_SIGNAL,NS_CREATE_SIGNAL,CREATE_SIGNAL,CREATE_SIGNAL(side=LONG; take_profits=90000 | 91000 | 92000),BTCUSDT,LONG,,,0.88,,,,SINGLE,RANGE,False,2,RANGE_LOW:LIMIT:1 | RANGE_HIGH:LIMIT:1,88800,90000 | 91000 | 92000,3,1200,,0,,,0,0,0,
1197,PARSED,,"[trader#С]

$BTСUSDT - LONG 

Вход лимитка 88900

Stop 88400. 1%деп

Tейк-профит 

1)   90000(RR1-1)

2)  91000 (RR1-2)

3)   92000

4). 93000",,,NS_CREATE_SIGNAL,NS_CREATE_SIGNAL,CREATE_SIGNAL,CREATE_SIGNAL(side=LONG; take_profits=90000 | 91000 | 92000),BTCUSDT,LONG,,,0.88,,,,SINGLE,RANGE,False,2,RANGE_LOW:LIMIT:1 | RANGE_HIGH:LIMIT:1,88400,90000 | 91000 | 92000,3,1197,,0,,,0,0,0,
1180,PARSED,,"[trader#С]

$BTСUSDT - LONG 

Вход по рынку 88300-400

Stop 88000. 1%деп

Tейк-профит 

1)   88850(RR1-1)

2)  89250 (RR1-2)

3)   90000

4). 91000",,,NS_CREATE_SIGNAL,NS_CREATE_SIGNAL,CREATE_SIGNAL,CREATE_SIGNAL(side=LONG; take_profits=88850 | 89250 | 90000),BTCUSDT,LONG,,,0.88,,,,SINGLE,RANGE,False,2,RANGE_LOW:LIMIT:88300 | RANGE_HIGH:LIMIT:88400,88000,88850 | 89250 | 90000,3,1180,,0,,,0,0,0,
1176,PARSED,,"[trader#С]

$BTСUSDT - LONG 

Вход лимитка 87250

Stop 86850. 1%деп

Tейк-профит 

1)   87700 (RR1-1)

2)  88150 (RR1-2)

3)  88800

4). 90000",,,NS_CREATE_SIGNAL,NS_CREATE_SIGNAL,CREATE_SIGNAL,CREATE_SIGNAL(side=LONG; take_profits=87700 | 88150 | 88800),BTCUSDT,LONG,,,0.88,,,,SINGLE,RANGE,False,2,RANGE_LOW:LIMIT:1 | RANGE_HIGH:LIMIT:1,86850,87700 | 88150 | 88800,3,1176,,0,,,0,0,0,
1172,PARSED,,"[trader#С]

$BTСUSDT - LONG 

Вход лимитка 87250

Stop 86850. 1%деп

Tейк-профит 

1)   87700 (RR1-1)

2)  88150 (RR1-2)

3)  88800

4). 90000",,,NS_CREATE_SIGNAL,NS_CREATE_SIGNAL,CREATE_SIGNAL,CREATE_SIGNAL(side=LONG; take_profits=87700 | 88150 | 88800),BTCUSDT,LONG,,,0.88,,,,SINGLE,RANGE,False,2,RANGE_LOW:LIMIT:1 | RANGE_HIGH:LIMIT:1,86850,87700 | 88150 | 88800,3,1172,,0,,,0,0,0,
1164,PARSED,,"[trader#С]

$ETHUSDT - Short 

Вход лимитка 2970

Stop 3000. 0,5%деп

Tейк-профит 

1) 2920(RR1-1)

2)2880(RR1-2)

3)2850

4)2750",,,NS_CREATE_SIGNAL,NS_CREATE_SIGNAL,CREATE_SIGNAL,CREATE_SIGNAL(side=SHORT; take_profits=2920 | 2880 | 2850 | 2750),ETHUSDT,SHORT,,,0.88,,,,SINGLE,RANGE,False,2,RANGE_LOW:LIMIT:1 | RANGE_HIGH:LIMIT:1,3000,2920 | 2880 | 2850 | 2750,4,1164,,0,,,0,0,0,
1159,PARSED,,"[trader#С]

 $LTCUSDT - LONG 

Вход лимиткой 

1)67,25
2)

Stop 65,2  0,5% деп

Tейк-профит 

1)70(RR1-1,5)

 2)72(RR1-2,5)

 3)74(RR1-3+)",,,NS_CREATE_SIGNAL,NS_CREATE_SIGNAL,CREATE_SIGNAL,CREATE_SIGNAL(side=LONG; take_profits=70 | 72 | 74),LTCUSDT,LONG,,,0.88,,,,SINGLE,ONE_SHOT,False,1,ENTRY:UNKNOWN:67.25,65.2,70 | 72 | 74,3,1159,,0,,,0,0,0,
1157,PARSED,,"[trader#С]

$BTCUSDT - SHORT 

Вход лимитка 90100

Stop 90600  1% деп

Tейк-профит 

1).  89500(RR1-1)

 2). 89000(RR1-2)

 3). 88500

4) 87000",,,NS_CREATE_SIGNAL,NS_CREATE_SIGNAL,CREATE_SIGNAL,CREATE_SIGNAL(side=SHORT; take_profits=87000),BTCUSDT,SHORT,,,0.88,,,,SINGLE,RANGE,False,2,RANGE_LOW:LIMIT:1 | RANGE_HIGH:LIMIT:1,90600,87000,1,1157,,0,,,0,0,0,
1144,PARSED,,"[trader#С]

$BTСUSDT - LONG 

Вход лимитка 84600-650

Stop 84250 1%деп

Tейк-профит 

1)   85200 (RR1-1)

2)  85650(RR1-2)

3)  86200

4). 87000",,,NS_CREATE_SIGNAL,NS_CREATE_SIGNAL,CREATE_SIGNAL,CREATE_SIGNAL(side=LONG; take_profits=85200 | 85650 | 86200),BTCUSDT,LONG,,,0.88,,,,SINGLE,RANGE,False,2,RANGE_LOW:LIMIT:84600 | RANGE_HIGH:LIMIT:84650,84250,85200 | 85650 | 86200,3,1144,,0,,,0,0,0,
1125,PARSED,,"[trader #С]

$ETHUSDT - LONG

Вход лимитка 2670

Stop 2635. 0,5%деп

Tейк-профит 

1) 2730(RR1-2)

2)2770(RR1-3)

3)2820

4)2900",,,NS_CREATE_SIGNAL,NS_CREATE_SIGNAL,CREATE_SIGNAL,CREATE_SIGNAL(side=LONG; take_profits=2730 | 2770 | 2820 | 2900),ETHUSDT,LONG,,,0.88,,,,SINGLE,RANGE,False,2,RANGE_LOW:LIMIT:1 | RANGE_HIGH:LIMIT:2,2635,2730 | 2770 | 2820 | 2900,4,1125,,0,,,0,0,0,
1119,PARSED,,"[trader #С]

$BTСUSDT - LONG 

Вход лимитка 82420

Stop 81820. 1%деп

Tейк-профит 

1)   83000 (RR1-1)

2)  84000 (RR1-2)

3)  85000

4). 86500",,,NS_CREATE_SIGNAL,NS_CREATE_SIGNAL,CREATE_SIGNAL,CREATE_SIGNAL(side=LONG; take_profits=83000 | 84000 | 85000),BTCUSDT,LONG,,,0.88,,,,SINGLE,RANGE,False,2,RANGE_LOW:LIMIT:1 | RANGE_HIGH:LIMIT:1,81820,83000 | 84000 | 85000,3,1119,,0,,,0,0,0,
1098,PARSED,,"[trader #С]

$ETHUSDT - LONG

Вход лимитка 2200

Stop 2150  0,5%деп

Tейк-профит 

1) 2260 (RR1-1)

2) 2310 (RR1-2)

3) 2390

4) 2460",,,NS_CREATE_SIGNAL,NS_CREATE_SIGNAL,CREATE_SIGNAL,CREATE_SIGNAL(side=LONG; take_profits=2260 | 2310 | 2390 | 2460),ETHUSDT,LONG,,,0.88,,,,SINGLE,RANGE,False,2,RANGE_LOW:LIMIT:1 | RANGE_HIGH:LIMIT:1,2150,2260 | 2310 | 2390 | 2460,4,1098,,0,,,0,0,0,
1089,PARSED,,"[trader #С]

$KAS USDT - LONG 

Вход лимиткой 

1)0,031
2)

Stop 0,0295   0,5% деп

Tейк-профит 

1)  0,0331(RR1-1)

 2) 0,035 (RR1-2)

 3) 0,04 (RR1-4)",,,NS_CREATE_SIGNAL,NS_CREATE_SIGNAL,CREATE_SIGNAL,CREATE_SIGNAL(side=LONG; take_profits=0.0331 | 0.035 | 0.04),KASUSDT,LONG,,,0.88,,,,SINGLE,ONE_SHOT,False,1,ENTRY:UNKNOWN:0.031,0.0295,0.0331 | 0.035 | 0.04,3,1089,,0,,,0,0,0,
1078,PARSED,,"[trader #С]

$BTСUSDT - LONG 

Вход лимитка 77400-300

Stop 77000.  0,5. %деп

Tейк-профит 

1)  78000 (RR1-1)

2)  79000 (RR1-2)

3)  80000

4)  82000",,,NS_CREATE_SIGNAL,NS_CREATE_SIGNAL,CREATE_SIGNAL,CREATE_SIGNAL(side=LONG; take_profits=78000 | 79000 | 80000 | 82000),BTCUSDT,LONG,,,0.88,,,,SINGLE,RANGE,False,2,RANGE_LOW:LIMIT:77400 | RANGE_HIGH:LIMIT:77300,77000,78000 | 79000 | 80000 | 82000,4,1078,,0,,,0,0,0,
1010,PARSED,,"[trader #С]

$BTСUSDT - LONG 

Вход 

Stop 65300.  0,5%деп

Tейк-профит 

1)  67500 (RR1-1)

2)  68500 (RR1-2)

3)  70000

4)  72000",,,NS_CREATE_SIGNAL,NS_CREATE_SIGNAL,CREATE_SIGNAL,CREATE_SIGNAL(side=LONG; take_profits=67500 | 68500 | 70000 | 72000),BTCUSDT,LONG,,,0.88,,,,SINGLE,RANGE,False,2,RANGE_LOW:LIMIT:1 | RANGE_HIGH:LIMIT:1,65300,67500 | 68500 | 70000 | 72000,4,1010,,0,,,0,0,0,
992,PARSED,,"[trader #С]

$BTCUSDT - SHORT 

Вход лимитка 70800-71000

Stop 71500  0,5!!!% деп

Tейк-профит 

1)  70000(RR1-2)

 2)  69300(RR1-3)

 3) 68000

4) 66000",,,NS_CREATE_SIGNAL,NS_CREATE_SIGNAL,CREATE_SIGNAL,CREATE_SIGNAL(side=SHORT; take_profits=70000 | 69300 | 68000 | 66000),BTCUSDT,SHORT,,,0.88,,,,SINGLE,RANGE,False,2,RANGE_LOW:LIMIT:70800 | RANGE_HIGH:LIMIT:71000,71500,70000 | 69300 | 68000 | 66000,4,992,,0,,,0,0,0,
978,PARSED,,"[trader #С]

$BTСUSDT - LONG 

Вход лимитка 

-66220  0,5%
-63750  0,5%

Stop 61600.  1%деп

Tейк-профит 

1)  69000 (RR1-1)

2)  71000 (RR1-2)

3)  73000

4)  76500",,,NS_CREATE_SIGNAL,NS_CREATE_SIGNAL,CREATE_SIGNAL,CREATE_SIGNAL(side=LONG; take_profits=69000 | 71000 | 73000 | 76500),BTCUSDT,LONG,,,0.88,,,,SINGLE,RANGE,False,2,RANGE_LOW:LIMIT:1 | RANGE_HIGH:LIMIT:1,61600,69000 | 71000 | 73000 | 76500,4,978,,0,,,0,0,0,
972,PARSED,,"[trader #С]

$BTСUSDT - LONG 

Вход 70000-69900

Stop 69000.  0,3%деп

Tейк-профит 

1)  72000 (RR1-2)

2)  73000 (RR1-3)

3)  74000

4) ",,,NS_CREATE_SIGNAL,NS_CREATE_SIGNAL,CREATE_SIGNAL,CREATE_SIGNAL(side=LONG; take_profits=72000 | 73000 | 74000),BTCUSDT,LONG,,,0.88,,,,SINGLE,RANGE,False,2,RANGE_LOW:LIMIT:70000 | RANGE_HIGH:LIMIT:69900,69000,72000 | 73000 | 74000,3,972,,0,,,0,0,0,
960,PARSED,,"[trader #С]

$CFXUSDT - LONG 

Вход лимиткой 

1)0,0431

Stop 0,040 0,5% деп

Tейк-профит 

1) 0,0489

2) 0,0534

3) 0,0579",,,NS_CREATE_SIGNAL,NS_CREATE_SIGNAL,CREATE_SIGNAL,CREATE_SIGNAL(side=LONG; take_profits=0.0489 | 0.0534 | 0.0579),CFXUSDT,LONG,,,0.88,,,,SINGLE,ONE_SHOT,False,1,ENTRY:UNKNOWN:0.0431,0.04,0.0489 | 0.0534 | 0.0579,3,960,,0,,,0,0,0,
944,PARSED,,"[trader #С]

$BTСUSDT - LONG 

Вход 68950-850

Stop 67850.  0,3%деп

Tейк-профит 

1)  70250 (RR1-1)

2)  71500 (RR1-2)

3)  73000

4) ",,,NS_CREATE_SIGNAL,NS_CREATE_SIGNAL,CREATE_SIGNAL,CREATE_SIGNAL(side=LONG; take_profits=70250 | 71500 | 73000),BTCUSDT,LONG,,,0.88,,,,SINGLE,RANGE,False,2,RANGE_LOW:LIMIT:68950 | RANGE_HIGH:LIMIT:68850,67850,70250 | 71500 | 73000,3,944,,0,,,0,0,0,
943,PARSED,,"[trader #С]

$ETHUSDT - LONG

Вход лимитка 2025

Stop 1985  0,3%деп

Tейк-профит 

1) 2065(RR1-1)

2) 2110(RR1-2)

3) 2170",,,NS_CREATE_SIGNAL,NS_CREATE_SIGNAL,CREATE_SIGNAL,CREATE_SIGNAL(side=LONG; take_profits=2065 | 2110 | 2170),ETHUSDT,LONG,,,0.88,,,,SINGLE,RANGE,False,2,RANGE_LOW:LIMIT:1 | RANGE_HIGH:LIMIT:1,1985,2065 | 2110 | 2170,3,943,,0,,,0,0,0,
930,PARSED,,"[trader #С]

$BTСUSDT - LONG 

Вход лимитка 66666

Stop 66250.  0,3%деп

Tейк-профит 

1)  67460 (RR1-1)

2)  68000 (RR1-3)

3)  69000

4) ",,,NS_CREATE_SIGNAL,NS_CREATE_SIGNAL,CREATE_SIGNAL,CREATE_SIGNAL(side=LONG; take_profits=67460 | 68000 | 69000),BTCUSDT,LONG,,,0.88,,,,SINGLE,RANGE,False,2,RANGE_LOW:LIMIT:1 | RANGE_HIGH:LIMIT:1,66250,67460 | 68000 | 69000,3,930,,0,,,0,0,0,
859,PARSED,,"[trader #С]

$BTCUSDT - SHORT 

Вход лимитка 68100

Stop 68950.  0,3%деп

Tейк-профит 

1)  67300 (RR1-1)

2)  66400 (RR1-2)

3)  65000

4)",,,NS_CREATE_SIGNAL,NS_CREATE_SIGNAL,CREATE_SIGNAL,CREATE_SIGNAL(side=SHORT; take_profits=67300 | 66400 | 65000),BTCUSDT,SHORT,,,0.88,,,,SINGLE,RANGE,False,2,RANGE_LOW:LIMIT:1 | RANGE_HIGH:LIMIT:1,68950,67300 | 66400 | 65000,3,859,,0,,,0,0,0,
853,PARSED,,"[trader #С]

$BTСUSDT - LONG 

Вход лимитка 

-65200 0,5% вход по текущим 
-63750  0,5%

Stop 61600.  1%деп

Tейк-профит 

1)  69000 (RR1-1)

2)  71000 (RR1-2)

3)  73000

4)  76500",,,NS_CREATE_SIGNAL,NS_CREATE_SIGNAL,CREATE_SIGNAL,CREATE_SIGNAL(side=LONG; take_profits=69000 | 71000 | 73000 | 76500),BTCUSDT,LONG,,,0.88,,,,SINGLE,RANGE,False,2,RANGE_LOW:LIMIT:1 | RANGE_HIGH:LIMIT:1,61600,69000 | 71000 | 73000 | 76500,4,853,,0,,,0,0,0,
847,PARSED,,"[trader #С]

$BTCUSDT - SHORT 

Вход лимитка 67900

Stop  68700  0,3% деп

Tейк-профит 

1) 67000(RR1-1)

 2) 66000(RR1-2)

 3) 65000",,,NS_CREATE_SIGNAL,NS_CREATE_SIGNAL,CREATE_SIGNAL,CREATE_SIGNAL(side=SHORT; take_profits=67000 | 66000 | 65000),BTCUSDT,SHORT,,,0.88,,,,SINGLE,RANGE,False,2,RANGE_LOW:LIMIT:1 | RANGE_HIGH:LIMIT:1,68700,67000 | 66000 | 65000,3,847,,0,,,0,0,0,
825,PARSED,,"[trader #С]

$ETHUSDT - SHORT 

Вход лимитка 2092

Stop 2109. 0,3%деп

Tейк-профит 

1)   2072(RR1-2)

2)   2045(RR1-2)

3)  2020",,,NS_CREATE_SIGNAL,NS_CREATE_SIGNAL,CREATE_SIGNAL,CREATE_SIGNAL(side=SHORT; take_profits=2072 | 2045 | 2020),ETHUSDT,SHORT,,,0.88,,,,SINGLE,RANGE,False,2,RANGE_LOW:LIMIT:1 | RANGE_HIGH:LIMIT:2,2109,2072 | 2045 | 2020,3,825,,0,,,0,0,0,
809,PARSED,,"[trader #С]

$SOLUSDT - LONG 

Вход лимитка 

- 82,15  0,3% 
-  79,7   0,3%

Stop .  76,6  0,6%деп

Tейк-профит 

1)   87,9(RR1-1)

2)  93,6 (RR1-2)

3)  

4) ",,,NS_CREATE_SIGNAL,NS_CREATE_SIGNAL,CREATE_SIGNAL,CREATE_SIGNAL(side=LONG; take_profits=87.9 | 93.6 | 4),SOLUSDT,LONG,,,0.88,,,,SINGLE,RANGE,False,2,RANGE_LOW:LIMIT:1 | RANGE_HIGH:LIMIT:1,76.6,87.9 | 93.6 | 4,3,809,,0,,,0,0,0,
785,PARSED,,"[trader #С]

$BTСUSDT - LONG 

Вход лимитка 66200

Stop 65100.  0,5%деп

Tейк-профит 

1)  67300 (RR1-1)

2)  68400 (RR1-3)

3)  69500

4) 70700",,,NS_CREATE_SIGNAL,NS_CREATE_SIGNAL,CREATE_SIGNAL,CREATE_SIGNAL(side=LONG; take_profits=67300 | 68400 | 69500 | 70700),BTCUSDT,LONG,,,0.88,,,,SINGLE,RANGE,False,2,RANGE_LOW:LIMIT:1 | RANGE_HIGH:LIMIT:1,65100,67300 | 68400 | 69500 | 70700,4,785,,0,,,0,0,0,
739,PARSED,,"[trader #С]

$ETHUSDT - SHORT 

Вход лимитка 1975

Stop 1990. 0,3%деп

Tейк-профит 

1)   1945(RR1-2)

2)   1920(RR1-2)

3)  1890",,,NS_CREATE_SIGNAL,NS_CREATE_SIGNAL,CREATE_SIGNAL,CREATE_SIGNAL(side=SHORT; take_profits=1945 | 1920 | 1890),ETHUSDT,SHORT,,,0.88,,,,SINGLE,RANGE,False,2,RANGE_LOW:LIMIT:1 | RANGE_HIGH:LIMIT:2,1990,1945 | 1920 | 1890,3,739,,0,,,0,0,0,
731,PARSED,,"[trader #С]

$BTСUSDT - LONG 

Вход лимитка

66100.  0,5%
65000.   0,5%

Stop 64000.  1%деп

Tейк-профит 

1)  68000 (RR1-1)

2)  70000 (RR1-2)

3)   72000

4)   74000",,,NS_CREATE_SIGNAL,NS_CREATE_SIGNAL,CREATE_SIGNAL,CREATE_SIGNAL(side=LONG; take_profits=68000 | 70000 | 72000 | 74000),BTCUSDT,LONG,,,0.88,,,,SINGLE,RANGE,False,2,RANGE_LOW:LIMIT:1 | RANGE_HIGH:LIMIT:1,64000,68000 | 70000 | 72000 | 74000,4,731,,0,,,0,0,0,
713,PARSED,,"[trader #С]

$BTСUSDT - LONG 

Вход лимитка

66666  0,5%
65000.   0,5%

Stop 64400.  1%деп

Tейк-профит 

1)  68000 (RR1-1)

2)  70000 (RR1-2)

3)   72000

4)   74000",,,NS_CREATE_SIGNAL,NS_CREATE_SIGNAL,CREATE_SIGNAL,CREATE_SIGNAL(side=LONG; take_profits=68000 | 70000 | 72000 | 74000),BTCUSDT,LONG,,,0.88,,,,SINGLE,RANGE,False,2,RANGE_LOW:LIMIT:1 | RANGE_HIGH:LIMIT:1,64400,68000 | 70000 | 72000 | 74000,4,713,,0,,,0,0,0,
710,PARSED,,"[trader #С]

$BTСUSDT - LONG 

Вход лимитка 66666

Stop 66130.  0,5%деп

Tейк-профит 

1)  68400 (RR1-1)

2)  70000 (RR1-3)

3)  72500

4) ",,,NS_CREATE_SIGNAL,NS_CREATE_SIGNAL,CREATE_SIGNAL,CREATE_SIGNAL(side=LONG; take_profits=68400 | 70000 | 72500),BTCUSDT,LONG,,,0.88,,,,SINGLE,RANGE,False,2,RANGE_LOW:LIMIT:1 | RANGE_HIGH:LIMIT:1,66130,68400 | 70000 | 72500,3,710,,0,,,0,0,0,
689,PARSED,,"[trader #С]

$BTСUSDT - LONG перезахожу 

Вход лимитка 67100

Stop 66400.  0,5%деп

Tейк-профит 

1)  68400 (RR1-1)

2)  70000 (RR1-3)

3)  72500

4) ",,,NS_CREATE_SIGNAL,NS_CREATE_SIGNAL,CREATE_SIGNAL,CREATE_SIGNAL(side=LONG; take_profits=68400 | 70000 | 72500),BTCUSDT,LONG,,,0.88,,,,SINGLE,RANGE,False,2,RANGE_LOW:LIMIT:1 | RANGE_HIGH:LIMIT:1,66400,68400 | 70000 | 72500,3,689,,0,,,0,0,0,
685,PARSED,,"[trader #С]

$ETHUSDT - LONG

Вход лимитка 1950

Stop 1935  0,5%деп

Tейк-профит 

1) 1980(RR1-1)

2) 2000(RR1-2)

3) 2045",,,NS_CREATE_SIGNAL,NS_CREATE_SIGNAL,CREATE_SIGNAL,CREATE_SIGNAL(side=LONG; take_profits=1980 | 2000 | 2045),ETHUSDT,LONG,,,0.88,,,,SINGLE,RANGE,False,2,RANGE_LOW:LIMIT:1 | RANGE_HIGH:LIMIT:1,1935,1980 | 2000 | 2045,3,685,,0,,,0,0,0,
659,PARSED,,"[trader #С]

$BTСUSDT - LONG 

Вход лимитка 64330

Stop 64100.  0,3%деп

Tейк-профит 

1)  64850 (RR1-1)

2)  65600 (RR1-3)

3)  66600

4) ",,,NS_CREATE_SIGNAL,NS_CREATE_SIGNAL,CREATE_SIGNAL,CREATE_SIGNAL(side=LONG; take_profits=64850 | 65600 | 66600),BTCUSDT,LONG,,,0.88,,,,SINGLE,RANGE,False,2,RANGE_LOW:LIMIT:1 | RANGE_HIGH:LIMIT:1,64100,64850 | 65600 | 66600,3,659,,0,,,0,0,0,
644,PARSED,,"[trader #С]

$BTСUSDT - LONG 

Вход лимитка 62900

Stop 62400.  0,3%деп

Tейк-профит 

1)  63600 (RR1-1)

2)  64100 (RR1-3)

3)  65600

4) ",,,NS_CREATE_SIGNAL,NS_CREATE_SIGNAL,CREATE_SIGNAL,CREATE_SIGNAL(side=LONG; take_profits=63600 | 64100 | 65600),BTCUSDT,LONG,,,0.88,,,,SINGLE,RANGE,False,2,RANGE_LOW:LIMIT:1 | RANGE_HIGH:LIMIT:1,62400,63600 | 64100 | 65600,3,644,,0,,,0,0,0,
643,PARSED,,"[trader #С]

$ETHUSDT - LONG

Вход лимитка 1820

Stop 1795  0,3%деп

Tейк-профит 

1) 1845(RR1-1)

2) 1870(RR1-2)

3) 1900",,,NS_CREATE_SIGNAL,NS_CREATE_SIGNAL,CREATE_SIGNAL,CREATE_SIGNAL(side=LONG; take_profits=1845 | 1870 | 1900),ETHUSDT,LONG,,,0.88,,,,SINGLE,RANGE,False,2,RANGE_LOW:LIMIT:1 | RANGE_HIGH:LIMIT:1,1795,1845 | 1870 | 1900,3,643,,0,,,0,0,0,
621,PARSED,,"[trader #С]

$BTCUSDT - SHORT 

Вход лимитка 66300-400

Stop  66900  0,3% деп

Tейк-профит 

1) 65600(RR1-1)

 2) 64800(RR1-2)

 3) 63900",,,NS_CREATE_SIGNAL,NS_CREATE_SIGNAL,CREATE_SIGNAL,CREATE_SIGNAL(side=SHORT; take_profits=65600 | 64800 | 63900),BTCUSDT,SHORT,,,0.88,,,,SINGLE,RANGE,False,2,RANGE_LOW:LIMIT:66300 | RANGE_HIGH:LIMIT:66400,66900,65600 | 64800 | 63900,3,621,,0,,,0,0,0,
592,PARSED,,"[trader #С]

$BTCUSDT - SHORT 

Вход лимитка 69000-100

Stop  69600  0,3% деп

Tейк-профит 

1) 68400(RR1-1)

 2) 67500(RR1-2)

 3) 66666",,,NS_CREATE_SIGNAL,NS_CREATE_SIGNAL,CREATE_SIGNAL,CREATE_SIGNAL(side=SHORT; take_profits=68400 | 67500 | 66666),BTCUSDT,SHORT,,,0.88,,,,SINGLE,RANGE,False,2,RANGE_LOW:LIMIT:69000 | RANGE_HIGH:LIMIT:69100,69600,68400 | 67500 | 66666,3,592,,0,,,0,0,0,
585,PARSED,,"[trader #С]

$LDOUSDT - LONG 

Вход лимиткой 

1)0,315 
2)0,3088

Stop 0,298 0,6% деп

Tейк-профит 

1) 0,33

2) 0,345

3) 0,36",,,NS_CREATE_SIGNAL,NS_CREATE_SIGNAL,CREATE_SIGNAL,CREATE_SIGNAL(side=LONG; take_profits=0.33 | 0.345 | 0.36),LDOUSDT,LONG,,,0.88,,,,MULTI,LADDER,True,2,ENTRY:UNKNOWN:0.315 | ENTRY:UNKNOWN:0.3088,0.298,0.33 | 0.345 | 0.36,3,585,,0,,,0,0,0,
580,PARSED,,"[trader #С]

$BTСUSDT - LONG 

Вход лимитка 67600

Stop 67000.  0,3%деп

Tейк-профит 

1)  68500 (RR1-1)

2)  69500 (RR1-3)

3)  71000

4) ",,,NS_CREATE_SIGNAL,NS_CREATE_SIGNAL,CREATE_SIGNAL,CREATE_SIGNAL(side=LONG; take_profits=68500 | 69500 | 71000),BTCUSDT,LONG,,,0.88,,,,SINGLE,RANGE,False,2,RANGE_LOW:LIMIT:1 | RANGE_HIGH:LIMIT:1,67000,68500 | 69500 | 71000,3,580,,0,,,0,0,0,
577,PARSED,,"[trader #С]

$BTСUSDT - LONG 

Вход лимитка 67300-400

Stop 66700.  0,3%деп

Tейк-профит 

1)  68200 (RR1-1)

2)  69500 (RR1-3)

3)  71000

4) ",,,NS_CREATE_SIGNAL,NS_CREATE_SIGNAL,CREATE_SIGNAL,CREATE_SIGNAL(side=LONG; take_profits=68200 | 69500 | 71000),BTCUSDT,LONG,,,0.88,,,,SINGLE,RANGE,False,2,RANGE_LOW:LIMIT:67300 | RANGE_HIGH:LIMIT:67400,66700,68200 | 69500 | 71000,3,577,,0,,,0,0,0,
571,PARSED,,"[trader #С]

$BTСUSDT - LONG 

Вход лимитка 67150

Stop 66400.  0,3%деп

Tейк-профит 

1)  68500 (RR1-1)

2)  69500 (RR1-3)

3)  71000

4) ",,,NS_CREATE_SIGNAL,NS_CREATE_SIGNAL,CREATE_SIGNAL,CREATE_SIGNAL(side=LONG; take_profits=68500 | 69500 | 71000),BTCUSDT,LONG,,,0.88,,,,SINGLE,RANGE,False,2,RANGE_LOW:LIMIT:1 | RANGE_HIGH:LIMIT:1,66400,68500 | 69500 | 71000,3,571,,0,,,0,0,0,
554,PARSED,,"[trader #С]

$DOTUSDT - SHORT 

Вход лимитка 1,54

Stop  1.62  0,3% деп

Tейк-профит 

1) 1,43(RR1-2)

 2) 

 3)",,,NS_CREATE_SIGNAL,NS_CREATE_SIGNAL,CREATE_SIGNAL,CREATE_SIGNAL(side=SHORT; take_profits=1.43 | 3),DOTUSDT,SHORT,,,0.88,,,,SINGLE,RANGE,False,2,RANGE_LOW:LIMIT:1 | RANGE_HIGH:LIMIT:2,1.62,1.43 | 3,2,554,,0,,,0,0,0,
536,PARSED,,"[trader #С]

$BTСUSDT - LONG 

Вход лимитка 66800

Stop 65900.  0,3%деп

Tейк-профит 

1)  68200(RR1-1)

2)  69500 (RR1-3)

3)  71000

4) ",,,NS_CREATE_SIGNAL,NS_CREATE_SIGNAL,CREATE_SIGNAL,CREATE_SIGNAL(side=LONG; take_profits=68200 | 69500 | 71000),BTCUSDT,LONG,,,0.88,,,,SINGLE,RANGE,False,2,RANGE_LOW:LIMIT:1 | RANGE_HIGH:LIMIT:1,65900,68200 | 69500 | 71000,3,536,,0,,,0,0,0,
528,PARSED,,"[trader #С]

$BTСUSDT - LONG 

Вход лимитка 66001

Stop 65000.  0,3%деп

Tейк-профит 

1)  67000(RR1-1)

2)  68200 (RR1-3)

3)  69500

4) ",,,NS_CREATE_SIGNAL,NS_CREATE_SIGNAL,CREATE_SIGNAL,CREATE_SIGNAL(side=LONG; take_profits=67000 | 68200 | 69500),BTCUSDT,LONG,,,0.88,,,,SINGLE,RANGE,False,2,RANGE_LOW:LIMIT:1 | RANGE_HIGH:LIMIT:1,65000,67000 | 68200 | 69500,3,528,,0,,,0,0,0,
487,PARSED,,"[trader #С]

$BTСUSDT - LONG 

Вход лимитка

64630 0,3%

63660 0,3%

Stop 62500  0,6%деп

Tейк-профит 

1)  66600 (RR1-1)

2)  67550 (RR1-2)

3)  68800",,,NS_CREATE_SIGNAL,NS_CREATE_SIGNAL,CREATE_SIGNAL,CREATE_SIGNAL(side=LONG; take_profits=66600 | 67550 | 68800),BTCUSDT,LONG,,,0.88,,,,SINGLE,RANGE,False,2,RANGE_LOW:LIMIT:1 | RANGE_HIGH:LIMIT:1,62500,66600 | 67550 | 68800,3,487,,0,,,0,0,0,
485,PARSED,,"[trader #С]

$LDOUSDT - LONG 

Вход лимиткой 

1)0,291 0,3деп
2)

Stop 0,279 0,3% деп

Tейк-профит 

1) 0,31

2) 0,325

3)",,,NS_CREATE_SIGNAL,NS_CREATE_SIGNAL,CREATE_SIGNAL,CREATE_SIGNAL(side=LONG; take_profits=0.31 | 0.325),LDOUSDT,LONG,,,0.88,,,,SINGLE,ONE_SHOT,False,1,ENTRY:UNKNOWN:0.291,0.279,0.31 | 0.325,2,485,,0,,,0,0,0,
468,PARSED,,"[trader #С]

$BTCUSDT - SHORT 

Вход лимитка 

72000
73300

Stop  74500  0,6% деп

Tейк-профит 

1) 70500(RR1-1)

 2) 69000(RR1-2)

 3) 67500 

4) 65000",,,NS_CREATE_SIGNAL,NS_CREATE_SIGNAL,CREATE_SIGNAL,CREATE_SIGNAL(side=SHORT; take_profits=70500 | 69000 | 67500 | 65000),BTCUSDT,SHORT,,,0.88,,,,SINGLE,RANGE,False,2,RANGE_LOW:LIMIT:1 | RANGE_HIGH:LIMIT:1,74500,70500 | 69000 | 67500 | 65000,4,468,,0,,,0,0,0,
449,PARSED,,"[trader #С]

$BTCUSDT - SHORT 

Вход лимитка 

72000

73300

74500  0,6%

Stop  75500  1,2% деп

Tейк-профит 

1) 70500(RR1-1)

 2) 69000(RR1-2)

 3) 67500 

4)65000",,,NS_CREATE_SIGNAL,NS_CREATE_SIGNAL,CREATE_SIGNAL,CREATE_SIGNAL(side=SHORT; take_profits=70500 | 69000 | 67500 | 65000),BTCUSDT,SHORT,,,0.88,,,,SINGLE,RANGE,False,2,RANGE_LOW:LIMIT:1 | RANGE_HIGH:LIMIT:1,75500,70500 | 69000 | 67500 | 65000,4,449,,0,,,0,0,0,
431,PARSED,,"[trader #С]

$BTСUSDT - LONG 

Вход лимитка 72100

Stop 71650.  0,3%депъ

Tейк-профит 

1)  72900(RR1-1)

2)  73500 (RR1-3)

3)  74500

4) ",,,NS_CREATE_SIGNAL,NS_CREATE_SIGNAL,CREATE_SIGNAL,CREATE_SIGNAL(side=LONG; take_profits=72900 | 73500 | 74500),BTCUSDT,LONG,,,0.88,,,,SINGLE,RANGE,False,2,RANGE_LOW:LIMIT:1 | RANGE_HIGH:LIMIT:1,71650,72900 | 73500 | 74500,3,431,,0,,,0,0,0,
428,PARSED,,"[trader #С]

$ETHUSDT - SHORT 

Вход лимитка 2115

Stop 2165. 0,3%деп

Tейк-профит 

1)   2065(RR1-1)

2)   2025(RR1-2)

3)  1980",,,NS_CREATE_SIGNAL,NS_CREATE_SIGNAL,CREATE_SIGNAL,CREATE_SIGNAL(side=SHORT; take_profits=2065 | 2025 | 1980),ETHUSDT,SHORT,,,0.88,,,,SINGLE,RANGE,False,2,RANGE_LOW:LIMIT:1 | RANGE_HIGH:LIMIT:1,2165,2065 | 2025 | 1980,3,428,,0,,,0,0,0,
386,PARSED,,"[trader #С]

$BTСUSDT - LONG 

Вход лимитка

68400
67300
Stop 66000.  0,6%деп

Tейк-профит 

1)  69500(RR1-1)

2)  71000 (RR1-3)

3)  73000

4) 75000",,,NS_CREATE_SIGNAL,NS_CREATE_SIGNAL,CREATE_SIGNAL,CREATE_SIGNAL(side=LONG; take_profits=69500 | 71000 | 73000 | 75000),BTCUSDT,LONG,,,0.88,,,,SINGLE,RANGE,False,2,RANGE_LOW:LIMIT:1 | RANGE_HIGH:LIMIT:1,66000,69500 | 71000 | 73000 | 75000,4,386,,0,,,0,0,0,
368,PARSED,,"[trader #С]

$BTСUSDT - LONG 

Вход лимитка 67190

Stop 66600.  0,3%деп

Tейк-профит 

1)  68000(RR1-1)

2)  69000 (RR1-3)

3)  70000

4) ",,,NS_CREATE_SIGNAL,NS_CREATE_SIGNAL,CREATE_SIGNAL,CREATE_SIGNAL(side=LONG; take_profits=68000 | 69000 | 70000),BTCUSDT,LONG,,,0.88,,,,SINGLE,RANGE,False,2,RANGE_LOW:LIMIT:1 | RANGE_HIGH:LIMIT:1,66600,68000 | 69000 | 70000,3,368,,0,,,0,0,0,
365,PARSED,,"[trader #С]

$BTСUSDT - LONG 

Вход лимитка 66950

Stop 66450.  0,3%деп

Tейк-профит 

1)  68000(RR1-1)

2)  69000 (RR1-3)

3)  70000

4) ",,,NS_CREATE_SIGNAL,NS_CREATE_SIGNAL,CREATE_SIGNAL,CREATE_SIGNAL(side=LONG; take_profits=68000 | 69000 | 70000),BTCUSDT,LONG,,,0.88,,,,SINGLE,RANGE,False,2,RANGE_LOW:LIMIT:1 | RANGE_HIGH:LIMIT:1,66450,68000 | 69000 | 70000,3,365,,0,,,0,0,0,
357,PARSED,,"[trader #С]

$BTСUSDT - LONG 

Вход лимитка

67100
66100
Stop 65000.  0,6%деп

Tейк-профит 

1)  68800(RR1-1)

2)  69950 (RR1-2)

3)  72000

4) ",,,NS_CREATE_SIGNAL,NS_CREATE_SIGNAL,CREATE_SIGNAL,CREATE_SIGNAL(side=LONG; take_profits=68800 | 69950 | 72000),BTCUSDT,LONG,,,0.88,,,,SINGLE,RANGE,False,2,RANGE_LOW:LIMIT:1 | RANGE_HIGH:LIMIT:1,65000,68800 | 69950 | 72000,3,357,,0,,,0,0,0,
322,PARSED,,"[trader #С]

$BTСUSDT - LONG 

Вход лимитка

69500
68300
Stop 67000.  0,6%деп

Tейк-профит 

1)  71000(RR1-1)

2)  72500 (RR1-2)

3)  74000

4) ",,,NS_CREATE_SIGNAL,NS_CREATE_SIGNAL,CREATE_SIGNAL,CREATE_SIGNAL(side=LONG; take_profits=71000 | 72500 | 74000),BTCUSDT,LONG,,,0.88,,,,SINGLE,RANGE,False,2,RANGE_LOW:LIMIT:1 | RANGE_HIGH:LIMIT:1,67000,71000 | 72500 | 74000,3,322,,0,,,0,0,0,
318,PARSED,,"[trader #С]

$BTCUSDT - SHORT 

Вход лимитка 

71150

72600


Stop  74000  0,6% деп

Tейк-профит 

1) 68800(RR1-1)

 2) 67200(RR1-2)

 3) 65000

4)",,,NS_CREATE_SIGNAL,NS_CREATE_SIGNAL,CREATE_SIGNAL,CREATE_SIGNAL(side=SHORT; take_profits=68800 | 67200 | 65000),BTCUSDT,SHORT,,,0.88,,,,SINGLE,RANGE,False,2,RANGE_LOW:LIMIT:1 | RANGE_HIGH:LIMIT:1,74000,68800 | 67200 | 65000,3,318,,0,,,0,0,0,
317,PARSED,,"[trader #С]

$BTСUSDT - LONG 

Вход лимитка

69500-по текущих взял 69300
68300
Stop 67000.  0,6%деп

Tейк-профит 

1)  71000(RR1-1)

2)  72500 (RR1-2)

3)  74000

4) ",,,NS_CREATE_SIGNAL,NS_CREATE_SIGNAL,CREATE_SIGNAL,CREATE_SIGNAL(side=LONG; take_profits=71000 | 72500 | 74000),BTCUSDT,LONG,,,0.88,,,,SINGLE,RANGE,False,2,RANGE_LOW:LIMIT:1 | RANGE_HIGH:LIMIT:1,67000,71000 | 72500 | 74000,3,317,,0,,,0,0,0,
305,PARSED,,"[trader #С]

$DOTUSDT - LONG 

Вход лимиткой 

1)1,522  0,3деп
2)

Stop 1,465 0,3% деп

Tейк-профит 

1) 1,63

2) 1,8

3)",,,NS_CREATE_SIGNAL,NS_CREATE_SIGNAL,CREATE_SIGNAL,CREATE_SIGNAL(side=LONG; take_profits=1.63 | 1.8),DOTUSDT,LONG,,,0.88,,,,SINGLE,ONE_SHOT,False,1,ENTRY:UNKNOWN:1.522,1.465,1.63 | 1.8,2,305,,0,,,0,0,0,
293,PARSED,,"[trader #С]

$BTСUSDT - LONG 

Вход лимитка

70200-по текущим взял
68700
Stop 67500.  0,6%деп

Tейк-профит 

1)  71500(RR1-1)

2)  72500 (RR1-2)

3)  74000

4) ",,,NS_CREATE_SIGNAL,NS_CREATE_SIGNAL,CREATE_SIGNAL,CREATE_SIGNAL(side=LONG; take_profits=71500 | 72500 | 74000),BTCUSDT,LONG,,,0.88,,,,SINGLE,RANGE,False,2,RANGE_LOW:LIMIT:1 | RANGE_HIGH:LIMIT:1,67500,71500 | 72500 | 74000,3,293,,0,,,0,0,0,
281,PARSED,,"[trader #С]

$BTCUSDT - SHORT 

Вход лимитка 

73800

74850

75750 0,6%

Stop  76500  1,2% деп

Tейк-профит 

1) 71800(RR1-1)

 2) 69900(RR1-2)

 3) 67500

4) 65000",,,NS_CREATE_SIGNAL,NS_CREATE_SIGNAL,CREATE_SIGNAL,CREATE_SIGNAL(side=SHORT; take_profits=71800 | 69900 | 67500 | 65000),BTCUSDT,SHORT,,,0.88,,,,SINGLE,RANGE,False,2,RANGE_LOW:LIMIT:1 | RANGE_HIGH:LIMIT:1,76500,71800 | 69900 | 67500 | 65000,4,281,,0,,,0,0,0,
269,PARSED,3162,"[trader #С]

$BTСUSDT - LONG 

Вход 72100 долил остаток позы к текущему сэтапу.

Stop 71250 в бу .  0,2%деп

Tейк-профит 

1)  74500 на этот объем 

2)  

3)  

4) ",,,NS_CREATE_SIGNAL,NS_CREATE_SIGNAL,CREATE_SIGNAL,CREATE_SIGNAL(side=LONG; take_profits=74500 | 3),BTCUSDT,LONG,,,0.88,,,,SINGLE,ONE_SHOT,False,0,,71250,74500 | 3,2,269,3162,1,,,0,0,0,
260,PARSED,,"[trader #С]

$BTСUSDT - LONG 

Вход лимитка

71750

Stop 70000.  0,3%деп

Tейк-профит 

1)  73800(RR1-1)

2)  74500(RR1-2)

3)  

4) ",,,NS_CREATE_SIGNAL,NS_CREATE_SIGNAL,CREATE_SIGNAL,CREATE_SIGNAL(side=LONG; take_profits=73800 | 74500 | 4),BTCUSDT,LONG,,,0.88,,,,SINGLE,RANGE,False,2,RANGE_LOW:LIMIT:1 | RANGE_HIGH:LIMIT:1,70000,73800 | 74500 | 4,3,260,,0,,,0,0,0,
240,PARSED,,"[trader #С]

$BTCUSDT - SHORT 

Вход лимитка 

73800

74850

75750 0,6%

Stop  76500  1,2% деп

Tейк-профит 

1) 71800(RR1-1)

 2) 69900(RR1-2)

 3) 67500

4) 65000",,,NS_CREATE_SIGNAL,NS_CREATE_SIGNAL,CREATE_SIGNAL,CREATE_SIGNAL(side=SHORT; take_profits=71800 | 69900 | 67500 | 65000),BTCUSDT,SHORT,,,0.88,,,,SINGLE,RANGE,False,2,RANGE_LOW:LIMIT:1 | RANGE_HIGH:LIMIT:1,76500,71800 | 69900 | 67500 | 65000,4,240,,0,,,0,0,0,
227,PARSED,,"[trader #С]

$BTCUSDT - SHORT 

Вход лимитка 

73800

74850

75750 0,6%

Stop  76500  1,2% деп

Tейк-профит 

1) 71800(RR1-1)

 2) 69900(RR1-2)

 3) 67500

4) 65000

Еще раз попробуем",,,NS_CREATE_SIGNAL,NS_CREATE_SIGNAL,CREATE_SIGNAL,CREATE_SIGNAL(side=SHORT; take_profits=71800 | 69900 | 67500 | 65000),BTCUSDT,SHORT,,,0.88,,,,SINGLE,RANGE,False,2,RANGE_LOW:LIMIT:1 | RANGE_HIGH:LIMIT:1,76500,71800 | 69900 | 67500 | 65000,4,227,,0,,,0,0,0,
210,PARSED,,"[trader #С]

$BTCUSDT - SHORT обновления 

Вход лимитка 

73800 сущес
 
75050 0,3


Stop  76500  0,6% деп

Tейк-профит 

1) 71800(RR1-1)

 2) 69900(RR1-2)

 3) 67500

4) 65000",,,NS_CREATE_SIGNAL,NS_CREATE_SIGNAL,CREATE_SIGNAL,CREATE_SIGNAL(side=SHORT; take_profits=71800 | 69900 | 67500 | 65000),BTCUSDT,SHORT,,,0.88,,,,SINGLE,RANGE,False,2,RANGE_LOW:LIMIT:1 | RANGE_HIGH:LIMIT:1,76500,71800 | 69900 | 67500 | 65000,4,210,,0,,,0,0,0,
209,PARSED,,"[trader #С]

$ETHUSDT - SHORT 

Вход лимитка 2360

Stop 2410. 0,3%деп

Tейк-профит 

1)   2310(RR1-1)

2)   2260(RR1-2)

3)  2210",,,NS_CREATE_SIGNAL,NS_CREATE_SIGNAL,CREATE_SIGNAL,CREATE_SIGNAL(side=SHORT; take_profits=2310 | 2260 | 2210),ETHUSDT,SHORT,,,0.88,,,,SINGLE,RANGE,False,2,RANGE_LOW:LIMIT:1 | RANGE_HIGH:LIMIT:1,2410,2310 | 2260 | 2210,3,209,,0,,,0,0,0,
192,PARSED,,"[trader #С]

$BTСUSDT - LONG 

Вход лимитка

73200

Stop 71000.  0,3%деп

Tейк-профит 

1)  75000(RR1-1)

2)  76000(RR1-2)

3)  77000

4) ",,,NS_CREATE_SIGNAL,NS_CREATE_SIGNAL,CREATE_SIGNAL,CREATE_SIGNAL(side=LONG; take_profits=75000 | 76000 | 77000),BTCUSDT,LONG,,,0.88,,,,SINGLE,RANGE,False,2,RANGE_LOW:LIMIT:1 | RANGE_HIGH:LIMIT:1,71000,75000 | 76000 | 77000,3,192,,0,,,0,0,0,
183,PARSED,,"[trader #С]

$BTСUSDT - LONG 

Вход лимитка

71300-50

Stop 69000.  0,3%деп

Tейк-профит 

1)  73100(RR1-1)

2)  74500(RR1-2)

3)  

4) ",,,NS_CREATE_SIGNAL,NS_CREATE_SIGNAL,CREATE_SIGNAL,CREATE_SIGNAL(side=LONG; take_profits=73100 | 74500 | 4),BTCUSDT,LONG,,,0.88,,,,SINGLE,RANGE,False,2,RANGE_LOW:LIMIT:71300 | RANGE_HIGH:LIMIT:71350,69000,73100 | 74500 | 4,3,183,,0,,,0,0,0,
161,PARSED,,"[trader #С]

$BTСUSDT - LONG 

Вход лимитка

70550

Stop 69550.  0,3%деп

Tейк-профит 

1)  71700(RR1-1)

2)  72700(RR1-2)

3)  73700

4) ",,,NS_CREATE_SIGNAL,NS_CREATE_SIGNAL,CREATE_SIGNAL,CREATE_SIGNAL(side=LONG; take_profits=71700 | 72700 | 73700),BTCUSDT,LONG,,,0.88,,,,SINGLE,RANGE,False,2,RANGE_LOW:LIMIT:1 | RANGE_HIGH:LIMIT:1,69550,71700 | 72700 | 73700,3,161,,0,,,0,0,0,
154,PARSED,,"[trader #С]

$BTСUSDT - LONG 

Вход лимитка

68300

67000

Stop 66000.  0,6%деп

Tейк-профит 

1)  69600(RR1-1)

2)  71000(RR1-2)

3)  72500

4) ",,,NS_CREATE_SIGNAL,NS_CREATE_SIGNAL,CREATE_SIGNAL,CREATE_SIGNAL(side=LONG; take_profits=69600 | 71000 | 72500),BTCUSDT,LONG,,,0.88,,,,SINGLE,RANGE,False,2,RANGE_LOW:LIMIT:1 | RANGE_HIGH:LIMIT:1,66000,69600 | 71000 | 72500,3,154,,0,,,0,0,0,
149,PARSED,,"[trader #С]

$BTСUSDT - LONG 

Вход лимитка

67300

66000

Stop 65000.  0,6%деп

Tейк-профит 

1)  69600(RR1-1)

2)  71000(RR1-2)

3)  72500

4) ",,,NS_CREATE_SIGNAL,NS_CREATE_SIGNAL,CREATE_SIGNAL,CREATE_SIGNAL(side=LONG; take_profits=69600 | 71000 | 72500),BTCUSDT,LONG,,,0.88,,,,SINGLE,RANGE,False,2,RANGE_LOW:LIMIT:1 | RANGE_HIGH:LIMIT:1,65000,69600 | 71000 | 72500,3,149,,0,,,0,0,0,
130,PARSED,,"[trader #С]

$BTСUSDT - SHORT 

Вход 71550 долил остаток позы к текущему сэтапу.

Stop 71850 в бу .  0,1%деп

Tейк-профит 

1)  70000 на этот объем 

2)  

3)  

4) ",,,NS_CREATE_SIGNAL,NS_CREATE_SIGNAL,CREATE_SIGNAL,CREATE_SIGNAL(side=SHORT; take_profits=70000 | 3),BTCUSDT,SHORT,,,0.88,,,,SINGLE,ONE_SHOT,False,0,,71850,70000 | 3,2,130,,0,,,0,0,0,
119,PARSED,,"[trader #С]

$KASUSDT - LONG 

Вход лимиткой 

1)0,0359  
2)

Stop 0,0341 0,3% деп

Tейк-профит 

1) 0,0415

2) 0,045

3)",,,NS_CREATE_SIGNAL,NS_CREATE_SIGNAL,CREATE_SIGNAL,CREATE_SIGNAL(side=LONG; take_profits=0.0415 | 0.045),KASUSDT,LONG,,,0.88,,,,SINGLE,ONE_SHOT,False,1,ENTRY:UNKNOWN:0.0359,0.0341,0.0415 | 0.045,2,119,,0,,,0,0,0,
113,PARSED,,"[trader #С]

$BTСUSDT - LONG 

Вход лимитка

70050

69050

Stop 68000.  0,6%деп

Tейк-профит 

1)  72000(RR1-1)

2)  73000(RR1-2)

3)  74500

4) ",,,NS_CREATE_SIGNAL,NS_CREATE_SIGNAL,CREATE_SIGNAL,CREATE_SIGNAL(side=LONG; take_profits=72000 | 73000 | 74500),BTCUSDT,LONG,,,0.88,,,,SINGLE,RANGE,False,2,RANGE_LOW:LIMIT:1 | RANGE_HIGH:LIMIT:1,68000,72000 | 73000 | 74500,3,113,,0,,,0,0,0,
103,PARSED,3401,"[trader #С]

$BTСUSDT - LONG изменения!!! 
Доп ТП 69666 на 0,3 объема 

Вход лимитка

70050

69050

Stop 68000.  0,6%деп

Tейк-профит 

1)  72000(RR1-1)

2)  73000(RR1-2)

3)  74500

4) ",,,NS_CREATE_SIGNAL,NS_CREATE_SIGNAL,CREATE_SIGNAL,CREATE_SIGNAL(side=LONG; take_profits=9666),BTCUSDT,LONG,,,0.88,,,,SINGLE,RANGE,False,2,RANGE_LOW:LIMIT:1 | RANGE_HIGH:LIMIT:1,68000,9666,1,103,3401,1,,,0,0,0,
102,PARSED,,"[trader #С]

$ETHUSDT - LONG

Вход лимитка 2114

Stop 2100  0,3%деп

Tейк-профит 

1) 2128(RR1-1)

2) 2141(RR1-2)

3) 2160",,,NS_CREATE_SIGNAL,NS_CREATE_SIGNAL,CREATE_SIGNAL,CREATE_SIGNAL(side=LONG; take_profits=2128 | 2141 | 2160),ETHUSDT,LONG,,,0.88,,,,SINGLE,RANGE,False,2,RANGE_LOW:LIMIT:1 | RANGE_HIGH:LIMIT:1,2100,2128 | 2141 | 2160,3,102,,0,,,0,0,0,
81,PARSED,,"[trader #С]

$ETHUSDT - LONG

Вход лимитка 2135

Stop 2100  0,3%деп

Tейк-профит 

1) 2170(RR1-1)

2) 2210(RR1-2)

3) 2250",,,NS_CREATE_SIGNAL,NS_CREATE_SIGNAL,CREATE_SIGNAL,CREATE_SIGNAL(side=LONG; take_profits=2170 | 2210 | 2250),ETHUSDT,LONG,,,0.88,,,,SINGLE,RANGE,False,2,RANGE_LOW:LIMIT:1 | RANGE_HIGH:LIMIT:1,2100,2170 | 2210 | 2250,3,81,,0,,,0,0,0,
78,PARSED,,"[trader #С]

$BTСUSDT - LONG доливка к сущ. сэтапу

Вход лимитка 70850

Твх сместится 70200

Stop 70250.  0,4%деп в бу

Tейк-профит 

1)  72000

2)  75000

На этот объем",,,NS_CREATE_SIGNAL,NS_CREATE_SIGNAL,CREATE_SIGNAL,CREATE_SIGNAL(side=LONG; take_profits=72000 | 75000),BTCUSDT,LONG,,,0.88,,,,SINGLE,ONE_SHOT,False,1,ENTRY:UNKNOWN:70850,70250,72000 | 75000,2,78,,0,,,0,0,0,
73,PARSED,,"[trader #С]

$ETHUSDT - LONG повторим

Вход лимитка 2135

Stop 2100  0,3%деп

Tейк-профит 

1) 2170(RR1-1)

2) 2210(RR1-2)

3) 2250",,,NS_CREATE_SIGNAL,NS_CREATE_SIGNAL,CREATE_SIGNAL,CREATE_SIGNAL(side=LONG; take_profits=2170 | 2210 | 2250),ETHUSDT,LONG,,,0.88,,,,SINGLE,RANGE,False,2,RANGE_LOW:LIMIT:1 | RANGE_HIGH:LIMIT:1,2100,2170 | 2210 | 2250,3,73,,0,,,0,0,0,
69,PARSED,,"[trader #С]

$BTСUSDT - LONG 

Вход лимитка

69900

68800

Stop 67000.  0,6%деп

Tейк-профит 

1)  72000(RR1-1)

2)  73000(RR1-2)

3)  74500

4) ",,,NS_CREATE_SIGNAL,NS_CREATE_SIGNAL,CREATE_SIGNAL,CREATE_SIGNAL(side=LONG; take_profits=72000 | 73000 | 74500),BTCUSDT,LONG,,,0.88,,,,SINGLE,RANGE,False,2,RANGE_LOW:LIMIT:1 | RANGE_HIGH:LIMIT:1,67000,72000 | 73000 | 74500,3,69,,0,,,0,0,0,
50,PARSED,,"[trader #С]

$BTСUSDT - LONG 

Вход лимитка

66100



Stop 65500.  0,3%деп

Tейк-профит 

1)  66700(RR1-1)

2)  67400(RR1-2)

3)  68100

4) ",,,NS_CREATE_SIGNAL,NS_CREATE_SIGNAL,CREATE_SIGNAL,CREATE_SIGNAL(side=LONG; take_profits=66700 | 67400 | 68100),BTCUSDT,LONG,,,0.88,,,,SINGLE,RANGE,False,2,RANGE_LOW:LIMIT:1 | RANGE_HIGH:LIMIT:1,65500,66700 | 67400 | 68100,3,50,,0,,,0,0,0,
46,PARSED,,"[trader #С]

$BTСUSDT - LONG 

Вход лимитка

66100-200



Stop 65500.  0,3%деп

Tейк-профит 

1)  66800(RR1-1)

2)  67600(RR1-2)

3)  68350

4) ",,,NS_CREATE_SIGNAL,NS_CREATE_SIGNAL,CREATE_SIGNAL,CREATE_SIGNAL(side=LONG; take_profits=66800 | 67600 | 68350),BTCUSDT,LONG,,,0.88,,,,SINGLE,RANGE,False,2,RANGE_LOW:LIMIT:66100 | RANGE_HIGH:LIMIT:66200,65500,66800 | 67600 | 68350,3,46,,0,,,0,0,0,
35,PARSED,,"[trader #С]

$BTСUSDT - LONG 

Вход лимитка

66350


Stop 65000.  0,5%деп

Tейк-профит 

1)  67700(RR1-1)

2)  69000(RR1-2)

3)  70500

4) ",,,NS_CREATE_SIGNAL,NS_CREATE_SIGNAL,CREATE_SIGNAL,CREATE_SIGNAL(side=LONG; take_profits=67700 | 69000 | 70500),BTCUSDT,LONG,,,0.88,,,,SINGLE,RANGE,False,2,RANGE_LOW:LIMIT:1 | RANGE_HIGH:LIMIT:1,65000,67700 | 69000 | 70500,3,35,,0,,,0,0,0,
28,PARSED,,"[trader #С]

$BTСUSDT - SHORT 

Вход лимитка

68200

69200


Stop 70500.  0,6%деп

Tейк-профит 

1)  66500(RR1-1)

2)  65500(RR1-2)

3)  64000

4) ",,,NS_CREATE_SIGNAL,NS_CREATE_SIGNAL,CREATE_SIGNAL,CREATE_SIGNAL(side=SHORT; take_profits=66500 | 65500 | 64000),BTCUSDT,SHORT,,,0.88,,,,SINGLE,RANGE,False,2,RANGE_LOW:LIMIT:1 | RANGE_HIGH:LIMIT:1,70500,66500 | 65500 | 64000,3,28,,0,,,0,0,0,
24,PARSED,3479,"[trader #С]

$BTСUSDT - LONG  Изменения! 

Вход лимитка

66350

65770

Stop 65000.  0,6%деп

Tейк-профит 

1)  67700(RR1-1)

2)  69000(RR1-2)

3)  70500

4) ",,,NS_CREATE_SIGNAL,NS_CREATE_SIGNAL,CREATE_SIGNAL,CREATE_SIGNAL(side=LONG; take_profits=67700 | 69000 | 70500),BTCUSDT,LONG,,,0.88,,,,SINGLE,RANGE,False,2,RANGE_LOW:LIMIT:1 | RANGE_HIGH:LIMIT:1,65000,67700 | 69000 | 70500,3,24,3479,1,,,0,0,0,
13,PARSED,,"[trader #С]

$BTСUSDT - LONG 

Вход лимитка

66350

65770

Stop 65000.  0,6%деп

Tейк-профит 

1)  67700(RR1-1)

2)  69000(RR1-2)

3)  70500

4) перезашел",,,NS_CREATE_SIGNAL,NS_CREATE_SIGNAL,CREATE_SIGNAL,CREATE_SIGNAL(side=LONG; take_profits=67700 | 69000 | 70500),BTCUSDT,LONG,,,0.88,,,,SINGLE,RANGE,False,2,RANGE_LOW:LIMIT:1 | RANGE_HIGH:LIMIT:1,65000,67700 | 69000 | 70500,3,13,,0,,,0,0,0,
3,PARSED,,"[trader #С]

$BTСUSDT - SHORT 

Вход лимитка

69350

70650


Stop 72000.  0,6%деп

Tейк-профит 

1)  67300(RR1-1)

2)  66000(RR1-2)

3)  64500

4) 62500",,,NS_CREATE_SIGNAL,NS_CREATE_SIGNAL,CREATE_SIGNAL,CREATE_SIGNAL(side=SHORT; take_profits=67300 | 66000 | 64500 | 62500),BTCUSDT,SHORT,,,0.88,,,,SINGLE,RANGE,False,2,RANGE_LOW:LIMIT:1 | RANGE_HIGH:LIMIT:1,72000,67300 | 66000 | 64500 | 62500,4,3,,0,,,0,0,0,
